Target,Output,Diff
1.08,13.840429,-12.760429
1.19,14.964639,-13.774639
1.5999999,13.421202,-11.821201
0.684,8.565155,-7.881155
0.93,12.568689,-11.638689
2.0,12.53026,-10.53026
2.0,13.957602,-11.957602
1.285,10.204949,-8.91995
1.71,10.990484,-9.280484
1.954,10.617838,-8.663837
1.61,11.308355,-9.698356
2.5066667,9.892373,-7.3857064
0.9462069,6.5669847,-5.6207776
1.5866667,10.14916,-8.562493
1.1383333,9.968615,-8.830281
3.0,9.650731,-6.650731
2.0,13.939566,-11.939566
1.6858333,13.997259,-12.311426
2.0741668,14.837433,-12.763266
3.1525002,13.644028,-10.491528
0.56,8.121854,-7.561854
1.2138983,9.328395,-8.114496
2.4341667,14.928517,-12.49435
1.4366667,13.764694,-12.328028
5.0,12.820194,-7.8201942
2.0,14.120697,-12.120697
4.3527193,7.5908813,-3.238162
3.2207825,7.9254723,-4.70469
4.867063,8.968777,-4.1017137
3.472544,6.493602,-3.0210578
2.01,7.3372726,-5.3272724
1.991111,7.617197,-5.626086
2.635,8.39417,-5.7591696
4.235833,7.1493745,-2.9135413
1.2977778,3.732737,-2.4349594
1.6582353,4.4289265,-2.7706912
3.2141666,7.908731,-4.6945643
1.8066667,7.167113,-5.360446
7.0,7.0002804,-0.00028038025
2.0,7.7289057,-5.7289057
3.776,9.189391,-5.413391
2.968421,9.138708,-6.170287
4.777973,10.233051,-5.455078
3.7391665,5.795254,-2.0560877
1.8158333,9.207485,-7.391652
1.69,8.950404,-7.260404
2.458,9.951174,-7.4931736
2.75,9.541605,-6.791605
3.5583332,8.065163,-4.5068293
1.0166667,5.3136725,-4.2970057
1.5096492,5.96508,-4.4554305
2.6241665,7.894774,-5.2706075
1.4203391,8.082596,-6.6622567
5.0,7.8895226,-2.8895226
2.0,8.142202,-6.1422024
1.5966667,15.056231,-13.459564
2.12,14.849308,-12.729308
2.225,15.905004,-13.680004
1.58,15.355185,-13.775185
3.5225,14.514925,-10.992425
1.3612499,8.819494,-7.4582443
1.2836001,10.126529,-8.842929
2.8069232,14.569751,-11.762828
5.0,13.96118,-8.96118
2.0,11.297759,-9.297759
2.05,12.591648,-10.541648
2.2541666,13.588637,-11.334471
3.6558332,12.129954,-8.474121
1.6310345,7.8251467,-6.1941123
2.9533334,11.623625,-8.670292
5.0,11.551394,-6.5513945
2.0,12.71575,-10.71575
2.1866667,12.893694,-10.707027
2.8224998,13.829459,-11.00696
3.8125,12.417023,-8.604523
1.6221311,7.8417053,-6.219574
3.3341668,12.018747,-8.684581
8.0,11.792412,-3.7924118
3.0,13.017621,-10.017621
2.3591666,12.385669,-10.026503
3.11,12.586737,-9.476737
3.82,11.294222,-7.474222
1.7,6.98125,-5.28125
3.1608334,10.796873,-7.6360397
6.0,10.736103,-4.736103
5.0,11.495459,-6.4954586
3.4225,15.473057,-12.050557
2.9325,17.133272,-14.200772
4.2483335,15.368263,-11.11993
1.9643333,9.7256365,-7.761303
3.5808334,14.446193,-10.865359
6.0,14.4320345,-8.4320345
2.0,15.58633,-13.58633
2.118182,11.337895,-9.219713
2.499091,12.106634,-9.607543
2.06,11.790314,-9.730314
3.009091,11.089698,-8.080606
1.580678,7.3239756,-5.7432976
2.5066667,11.317366,-8.810699
4.0,10.776324,-6.7763243
2.0,11.414112,-9.414112
3.44,10.949339,-7.509339
3.3481817,11.225657,-7.8774757
1.6668333,6.8232083,-5.156375
3.5525,10.500076,-6.9475765
6.0,10.033291,-4.033291
2.0,10.739512,-8.739512
3.4,9.662451,-6.2624507
3.382857,10.6815,-7.298643
3.2624998,10.440034,-7.177534
1.9416666,5.23113,-3.2894635
2.9651852,6.3568497,-3.3916645
4.3083334,10.551444,-6.2431107
7.0,10.219302,-3.2193022
2.0,11.2006035,-9.2006035
3.6750002,11.043118,-7.3681173
2.6061666,6.799793,-4.1936264
4.181667,10.991613,-6.8099465
9.0,9.393109,-0.39310932
9.0,10.6069355,-1.6069355
4.0245457,11.608612,-7.5840664
5.51,11.382978,-5.872978
2.42,6.5332484,-4.1132483
3.7233927,7.7538023,-4.03041
3.7681818,11.644413,-7.876231
9.0,10.346045,-1.3460445
11.0,11.017971,-0.017971039
2.8799999,14.333231,-11.453231
3.75,11.274536,-7.524536
2.1148334,6.602109,-4.4872756
2.8141665,9.936671,-7.1225047
6.0,9.966738,-3.9667377
11.0,10.693886,0.3061142
2.7883334,13.490133,-10.701799
2.04,8.319774,-6.2797737
1.8611865,8.135177,-6.27399
2.5741668,11.644421,-9.070253
5.0,12.074886,-7.0748863
9.0,12.878468,-3.8784676
2.7975,11.362236,-8.564736
2.0083334,6.454175,-4.445842
2.8241668,9.54609,-6.7219234
4.0,9.605534,-5.6055336
10.0,10.271602,-0.27160168
3.1799998,10.270456,-7.0904565
2.867,10.88511,-8.01811
1.48,10.5994835,-9.119484
1.94,5.280285,-3.3402848
2.1799998,6.412353,-4.232353
1.9439623,6.357232,-4.41327
2.8433332,10.868116,-8.024783
5.0,9.507351,-4.507351
8.0,10.179487,-2.1794872
1.7408334,13.763578,-12.022745
1.3461018,8.149017,-6.8029156
1.7163635,12.905912,-11.1895485
2.0,11.902418,-9.902418
9.0,12.836286,-3.8362856
1.377647,8.356309,-6.978662
1.579762,9.930134,-8.350372
1.9875001,10.785191,-8.79769
3.0,10.937059,-7.9370594
7.0,11.732455,-4.7324553
1.312353,6.788501,-5.4761477
1.7900001,8.551945,-6.761945
1.2966667,8.359574,-7.0629077
4.0,11.833653,-7.8336535
7.0,12.537522,-5.5375223
1.2553333,8.774107,-7.5187736
4.0,13.177413,-9.177413
6.0,14.209583,-8.209583
1.1428814,7.3002014,-6.15732
3.0,10.948767,-7.9487667
5.0,11.985289,-6.9852886
1.07,11.8709545,-10.800955
2.14,11.356987,-9.216987
0.8333334,9.331626,-8.498293
1.15,13.490549,-12.340549
2.0,13.507146,-11.507146
3.0,14.894661,-11.894661
1.165,13.766552,-12.601552
2.075,13.424916,-11.349916
0.7845,8.894847,-8.110347
1.2816666,13.0304985,-11.748832
1.2049999,13.530951,-12.325951
2.0,12.924709,-10.924709
3.0,13.880286,-10.880286
0.97999996,11.093262,-10.113262
1.9625001,11.04238,-9.07988
1.2266667,6.704859,-5.4781923
0.7508928,7.7742643,-7.0233717
1.3433332,11.085608,-9.742274
1.0166667,11.141787,-10.12512
2.0,10.562905,-8.562905
4.0,11.190483,-7.190483
1.62,8.611487,-6.9914875
0.905,8.970275,-8.065275
2.0774999,8.894905,-6.817405
1.225,6.139804,-4.914804
0.7003448,5.959586,-5.259241
1.265,8.961126,-7.6961265
1.1633334,8.985086,-7.821753
2.0,8.238926,-6.238926
2.0,9.046932,-7.046932
1.1583333,11.200781,-10.042448
2.4858334,11.361986,-8.876153
0.9616667,7.6103883,-6.6487217
1.5972728,10.864886,-9.267613
1.1433333,9.526508,-8.383175
2.0,8.743157,-6.7431574
2.0,9.490112,-7.4901123
1.3163637,10.248892,-8.9325285
2.2783332,9.841933,-7.5636
0.87983334,6.483863,-5.6040297
1.4300001,10.02493,-8.59493
1.215,9.947248,-8.732248
3.0,9.581732,-6.581732
2.0,10.333501,-8.333501
0.83183336,9.707977,-8.876144
1.3858333,14.000077,-12.614244
0.68000007,14.518323,-13.838323
4.0,14.027377,-10.027377
2.0,15.170012,-13.170012
1.3748333,9.505526,-8.1306925
2.7191665,14.269682,-11.550515
7.0,14.336456,-7.3364563
2.0,15.6185875,-13.6185875
2.938644,7.2508564,-4.3122125
5.836667,11.118807,-5.28214
9.0,11.075003,-2.0750027
7.0,11.836731,-4.836731
2.898305,8.422621,-5.524316
4.982727,12.079968,-7.0972414
10.0,11.811915,-1.8119154
11.0,12.976622,-1.9766216
2.7701693,6.378643,-3.6084738
9.0,9.78889,-0.7888899
10.0,10.361521,-0.36152077
2.21,6.242335,-4.032335
2.1284482,6.213087,-4.0846386
6.0,10.856372,-4.856372
5.0,11.662796,-6.662796
1.965,5.6807137,-3.7157135
0.90000004,6.680422,-5.7804217
1.4578571,6.5927944,-5.1349373
4.0,8.52559,-4.52559
4.0,9.412649,-5.412649
1.436,6.222287,-4.7862873
4.0,8.725781,-4.7257814
6.0,9.422628,-3.4226284
1.5155,7.51233,-5.99683
7.0,10.589862,-3.5898619
5.0,11.488953,-6.4889526
1.7053332,9.68523,-7.979897
6.0,13.907904,-7.9079037
5.0,14.825883,-9.825883
1.1659322,9.131586,-7.965654
4.0,13.877926,-9.877926
5.0,15.621574,-10.621574
1.3744829,7.176847,-5.8023643
5.0,10.305746,-5.305746
2.0,10.962942,-8.962942
1.074,5.0192184,-3.9452186
1.2030909,6.1732335,-4.9701424
5.0,9.174509,-4.174509
5.0,9.9102745,-4.9102745
1.5088333,6.069154,-4.5603204
6.0,8.620714,-2.6207142
7.0,9.337262,-2.3372622
1.1204762,6.5512314,-5.430755
1.0941026,7.8654647,-6.7713623
5.0,11.234146,-6.234146
3.0,11.318593,-8.318593
1.2427778,7.113454,-5.870676
1.4133333,8.78373,-7.370396
4.0,12.381097,-8.381097
2.0,13.297896,-11.297896
1.3476667,7.1097703,-5.7621036
4.0,10.2565365,-6.2565365
3.0,11.03744,-8.03744
1.5521052,7.988991,-6.436886
5.0,12.009127,-7.0091267
5.0,13.27189,-8.27189
1.57,10.034748,-8.464748
2.5,9.602617,-7.1026173
1.4565517,5.8233876,-4.366836
2.08,9.0408325,-6.9608326
4.0,9.20949,-5.20949
4.0,11.793199,-7.7931986
1.6308333,14.624708,-12.993875
2.585,14.142149,-11.557149
1.1175,10.004792,-8.887292
2.15,13.526779,-11.37678
1.635,14.250031,-12.615031
3.0,13.934717,-10.934717
4.0,14.750893,-10.750893
1.1491667,12.196156,-11.0469885
2.6225,11.880085,-9.257586
1.72,6.7976213,-5.0776215
0.79,8.581943,-7.7919426
1.1018965,8.344149,-7.2422523
1.9141667,11.256712,-9.3425455
1.46,11.990286,-10.530286
3.0,11.619623,-8.619623
3.0,16.5775,-13.577499
1.5696363,8.097773,-6.5281363
1.2791742,8.33293,-7.0537553
5.3841133,9.498225,-4.114112
1.3898182,6.702855,-5.313037
1.3199999,7.8410683,-6.5210686
1.3490909,8.128912,-6.779821
2.7558331,7.8707433,-5.11491
1.052,4.066986,-3.014986
0.95739996,5.0074487,-4.050049
1.7508334,8.3602085,-6.609375
1.33,7.8895097,-6.5595098
2.0,7.6858053,-5.6858053
2.0,8.228142,-6.228142
2.0957408,8.311001,-6.21526
1.0725926,8.532554,-7.459961
5.1595,10.030193,-4.870693
1.2656881,6.368086,-5.102398
2.0983334,8.713626,-6.6152925
2.3508332,8.533883,-6.18305
0.5825,4.6462708,-4.063771
0.82357144,5.464883,-4.6413116
1.6775,8.92209,-7.24459
1.1533333,8.542749,-7.389416
2.0,8.369158,-6.369158
2.0,8.734512,-6.7345123
1.7627273,7.6787257,-5.9159985
1.34,7.642448,-6.302448
5.072551,8.7021265,-3.6295757
1.4660785,5.441185,-3.9751065
1.138,7.6859474,-6.5479474
2.595,6.8143473,-4.219347
0.905,3.2607145,-2.3557146
1.0274138,3.911296,-2.883882
1.8491666,7.7847953,-5.935629
1.3583333,6.792864,-5.4345303
2.0,6.6507697,-4.6507697
2.0,7.716372,-5.716372
2.3242,8.263803,-5.939603
1.2215152,8.309957,-7.0884414
5.116227,9.494413,-4.378186
1.4935353,5.7446547,-4.2511196
2.4591665,7.8065257,-5.347359
1.055,3.991867,-2.9368672
1.1096551,4.926787,-3.8171318
1.8774999,8.452019,-6.5745187
1.1762712,7.8393984,-6.663127
3.0,7.615673,-4.615673
2.0,7.723298,-5.723298
3.0863638,9.798729,-6.712365
1.5076923,10.394788,-8.887095
5.093524,12.208982,-7.1154585
1.4925926,9.138645,-7.6460524
3.1999998,9.376316,-6.1763163
1.0331666,6.078834,-5.0456676
2.4108334,11.186592,-8.775759
1.5233333,9.409102,-7.885769
4.0,9.223924,-5.2239237
4.0,9.8797455,-5.8797455
2.566852,8.823062,-6.25621
1.2137383,9.037125,-7.823386
5.117778,11.001438,-5.8836603
3.1244955,6.6512275,-3.526732
2.4675,8.254685,-5.7871857
1.096,4.946304,-3.850304
1.7858334,9.698705,-7.9128714
1.3181818,8.076415,-6.758233
4.0,7.919403,-3.919403
2.0,8.6797285,-6.6797285
1.8593181,6.838049,-4.9787307
1.3146155,7.1213837,-5.8067684
5.459962,8.978668,-3.5187063
1.5375824,6.3462777,-4.8086953
0.90999997,4.688509,-3.7785091
1.0518644,4.7600164,-3.708152
1.6346154,7.4184704,-5.783855
4.0,6.698345,-2.6983452
2.0,6.8992414,-4.8992414
2.6210475,7.9171467,-5.296099
1.8377359,8.324327,-6.4865913
6.6231604,11.765332,-5.142172
1.3854717,8.009244,-6.623772
1.0493333,5.472612,-4.423279
1.7763637,10.786315,-9.009952
5.0,8.622766,-3.6227655
2.0,9.41161,-7.4116096
2.338481,9.844117,-7.505636
3.0540242,10.252986,-7.1989617
5.7123613,12.18789,-6.4755287
1.7180247,8.91259,-7.1945653
0.7,5.3040648,-4.604065
0.8059322,6.153676,-5.347744
1.8808334,11.300428,-9.419595
5.0,8.7616625,-3.7616625
2.0,9.859767,-7.859767
1.6672463,7.271979,-5.6047325
1.1834849,7.409095,-6.22561
6.2636952,8.981351,-2.7176557
1.8195589,5.143488,-3.323929
0.625,3.1135652,-2.4885652
0.51,3.9252772,-3.4152772
0.63285714,3.8876543,-3.2547972
3.0466666,7.829969,-4.7833023
4.0,6.382797,-2.3827968
4.0,7.2956095,-3.2956095
3.4650002,8.335769,-4.8707685
2.4102468,9.39333,-6.983083
5.476141,11.281657,-5.8055162
1.7714815,7.129379,-5.3578973
1.2105172,4.7119465,-3.5014293
6.945,10.035726,-3.0907254
9.0,7.426169,1.5738311
4.0,7.4826202,-3.4826202
2.1512904,9.750174,-7.598883
1.5913,9.639036,-8.047736
7.098526,11.1529875,-4.0544615
1.5740197,7.44766,-5.87364
0.695,4.935505,-4.2405047
1.2014545,5.8440137,-4.642559
2.3833332,10.126144,-7.742811
5.0,9.013108,-4.0131083
4.0,9.814449,-5.8144493
2.947579,10.539579,-7.5920005
2.0874736,10.430658,-8.343184
8.127753,11.307483,-3.1797295
1.5415789,7.70423,-6.162651
1.8533332,6.5978813,-4.744548
1.5036843,6.522423,-5.0187387
2.6291666,9.382408,-6.7532415
7.0,9.209809,-2.2098093
2.0,9.880329,-7.880329
2.3885715,11.309624,-8.921052
2.0372815,11.603946,-9.566664
6.132657,12.52822,-6.395563
2.1220193,8.5071945,-6.385175
2.3700001,7.939756,-5.5697556
1.7327585,7.808997,-6.0762386
2.4523077,11.220539,-8.768231
9.0,10.958128,-1.958128
2.0,11.36882,-9.36882
2.007549,8.158321,-6.150772
1.5859224,8.342731,-6.756809
6.935952,9.870102,-2.9341497
1.635534,6.9395027,-5.3039684
1.0148276,4.9788957,-3.964068
2.27,8.421621,-6.1516213
8.0,7.399802,0.6001978
8.0,8.263557,-0.26355743
2.6467707,11.057925,-8.411155
1.488174,11.271772,-9.783598
9.511164,12.296255,-2.7850914
1.2333044,7.6980424,-6.464738
0.916,5.6606426,-4.7446427
0.97818184,6.531778,-5.553596
7.0,10.5117,-3.5116997
2.0,11.102997,-9.102997
2.5758138,9.45693,-6.8811164
1.5428448,9.474963,-7.9321184
9.116619,10.469395,-1.3527756
1.0545454,7.184187,-6.1296415
1.22,6.509756,-5.289756
1.0671186,6.474364,-5.407245
9.0,8.552268,0.44773197
3.0,9.123463,-6.1234627
1.9541739,14.519613,-12.565439
1.2336,8.146892,-6.9132915
1.4320588,9.469409,-8.03735
10.0,13.32562,-3.3256197
12.0,14.401202,-2.4012022
2.2574563,15.290479,-13.033022
1.503,8.607039,-7.104039
1.4937501,9.6756115,-8.181862
13.0,14.087717,-1.087717
9.0,15.29623,-6.2962303
2.5998979,14.447544,-11.847647
1.8541667,8.949501,-7.095334
14.0,12.711635,1.2883654
7.0,13.691818,-6.691818
2.4344897,12.762832,-10.328342
2.7662501,7.864482,-5.098232
2.9688463,7.8199244,-4.851078
11.0,11.639118,-0.6391182
11.0,12.7898445,-1.7898445
3.5030003,11.830214,-8.327213
2.71,11.717718,-9.007718
3.9899998,11.419163,-7.429163
4.17,6.2471304,-2.0771303
2.7632143,7.407003,-4.6437883
2.47,10.957115,-8.487115
9.0,11.197214,-2.1972141
10.0,11.843512,-1.8435116
3.2591667,10.388765,-7.1295986
3.8366666,11.524599,-7.6879325
3.19,6.392393,-3.202393
1.49,6.152163,-4.662163
1.8913794,7.6239705,-5.732591
2.6608334,11.269435,-8.608602
2.8116667,11.640921,-8.829254
7.0,11.336913,-4.336913
9.0,11.931485,-2.9314852
2.2358334,11.470982,-9.235148
3.3258333,11.009029,-7.683196
2.5099998,6.9944077,-4.484408
1.6466666,6.6874638,-5.040797
1.23,7.9092026,-6.6792026
1.577037,7.5332403,-5.9562035
2.3991666,11.38541,-8.986244
2.4083333,11.092157,-8.683825
6.0,10.83049,-4.83049
6.0,11.544552,-5.544552
2.3285217,9.980407,-7.651885
2.1716666,10.059872,-7.888205
3.9691665,9.863776,-5.8946095
1.75,5.5442405,-3.7942405
1.6643395,6.7276316,-5.063292
3.0608332,9.82994,-6.769107
2.4766667,9.965317,-7.4886503
6.0,9.458064,-3.458064
3.0,10.128233,-7.128233
2.5504544,11.026207,-8.475753
2.4133334,10.592907,-8.179573
4.3541665,10.522377,-6.1682105
1.9266666,5.9541025,-4.027436
1.7866666,6.817564,-5.030897
3.2958336,10.881318,-7.5854845
7.0,10.163535,-3.163535
5.0,10.667729,-5.6677294
3.347931,9.923396,-6.575465
2.7816668,9.170403,-6.388736
5.369167,9.184427,-3.8152604
1.9,5.477199,-3.577199
2.1493104,6.13783,-3.9885194
4.205,9.889156,-5.6841564
8.0,8.691599,-0.6915989
4.0,9.217712,-5.2177124
4.4549136,11.344727,-6.889813
4.4275002,10.605521,-6.178021
6.7425003,10.551854,-3.8093538
2.89,6.927965,-4.037965
5.195,10.425715,-5.2307153
13.0,8.461362,4.538638
4.0,9.005309,-5.005309
5.2231894,11.62344,-6.4002504
4.5233335,11.479347,-6.9560137
3.0746665,7.1734276,-4.098761
6.9083333,10.8077135,-3.8993802
15.0,10.741119,4.2588806
6.0,11.579163,-5.5791626
6.5301723,10.2562065,-3.7260342
4.8316665,9.851225,-5.0195584
3.5440001,6.453862,-2.909862
6.8591666,10.11126,-3.2520938
17.0,9.34925,7.65075
7.0,9.919319,-2.9193192
6.7899137,12.783854,-5.99394
5.8316665,12.508788,-6.6771216
4.47,7.212344,-2.7423444
4.4729824,8.692279,-4.2192965
7.21,12.613905,-5.403905
17.0,12.498024,4.501976
7.0,13.270142,-6.2701416
7.0816813,10.024509,-2.9428282
6.8941665,9.603757,-2.7095904
6.9,6.1957083,0.7042918
5.9148273,5.8585644,0.05626297
8.0175,10.317226,-2.2997265
22.0,8.998279,13.001721
6.0,9.636074,-3.636074
1.3325,6.8572845,-5.5247846
1.1005356,6.876347,-5.775811
4.0,10.3106785,-6.3106785
12.0,10.859452,1.1405478
1.6606779,7.395835,-5.735157
8.0,10.94083,-2.9408302
7.0,11.659537,-4.6595373
1.0231667,6.034708,-5.0115414
33.489998,9.6255455,23.864452
5.0,10.182272,-5.182272
29.0,10.807553,18.192448
1.0943333,6.985141,-5.8908076
2.6708336,10.659928,-7.9890947
4.0,11.202845,-7.2028446
2.0,11.823502,-9.823502
1.1844263,6.165453,-4.9810266
2.9789999,10.551405,-7.572405
2.76,10.690422,-7.930422
5.0,10.790076,-5.7900763
2.0,11.75329,-9.75329
1.2235,6.986161,-5.762661
3.0616667,11.255512,-8.193846
6.0,11.5384655,-5.5384655
5.0,12.465944,-7.4659443
1.4205,6.5345154,-5.1140156
2.9116666,9.573629,-6.6619625
6.0,10.495114,-4.4951143
10.0,11.158741,-1.158741
1.3199999,6.6987414,-5.3787413
2.47,11.247511,-8.777511
2.12,11.525742,-9.405742
6.0,11.368874,-5.3688736
7.0,12.238079,-5.238079
1.239375,5.3389606,-4.0995855
1.2660716,6.742577,-5.4765053
9.35,10.678916,-1.3289156
2.7883334,12.096172,-9.307838
10.0,12.578566,-2.5785656
11.0,13.523949,-2.5239487
1.5135715,4.3785987,-2.8650272
1.631087,5.5878143,-3.9567275
6.193637,9.402231,-3.2085943
5.4,10.158543,-4.7585425
3.5175,8.80664,-5.2891397
5.0,9.254069,-4.2540693
13.0,9.906325,3.0936747
2.0043333,6.3349047,-4.330571
6.3516665,10.647044,-4.2953777
7.1883335,9.599095,-2.4107618
8.0,10.215366,-2.2153664
13.0,11.200504,1.7994957
3.4566667,5.4926014,-2.0359347
3.325,7.0196905,-3.6946905
3.1236362,7.139165,-4.0155287
10.03923,12.42641,-2.3871794
8.275,11.655823,-3.3808231
13.0,12.201009,0.7989912
13.0,13.236816,-0.2368164
6.71,9.85632,-3.1463203
8.51,9.899357,-1.3893566
3.6756668,5.6823535,-2.0066867
9.825833,9.683376,0.14245701
10.194167,8.724434,1.4697332
15.0,9.166852,5.833148
15.0,9.954823,5.0451775
5.8241663,10.314293,-4.4901266
7.6849995,9.694691,-2.0096912
3.67,4.681779,-1.0117788
3.9155173,6.2705636,-2.3550463
10.324167,10.334587,-0.010419846
7.5175,9.757905,-2.240405
8.058333,10.3152895,-2.256956
14.0,10.116617,3.8833828
15.0,10.855161,4.1448393
4.21,10.095816,-5.8858156
4.4590907,10.554073,-6.0949826
6.9024997,10.104902,-3.2024026
2.895,4.76528,-1.8702798
3.6355174,6.261793,-2.6262758
9.906667,11.012329,-1.1056623
9.06125,10.031572,-0.9703226
6.7283335,9.384108,-2.655774
6.615,10.217542,-3.602542
11.0,10.055208,0.9447918
14.0,11.573405,2.4265947
4.49,9.650869,-5.1608696
4.56,9.497108,-4.9371085
6.775833,9.3748,-2.5989666
3.1999998,4.329062,-1.1290622
3.04451,5.557667,-2.513157
6.128333,8.545877,-2.4175444
6.3383336,9.46312,-3.1247869
10.0,8.901305,1.0986948
6.0,9.572574,-3.5725737
3.0758407,9.658075,-6.5822344
3.0833335,9.401476,-6.3181424
5.0950003,8.971791,-3.876791
1.9281818,4.7324266,-2.804245
2.5869389,5.577145,-2.9902062
5.204167,8.088946,-2.8847795
4.71,9.091349,-4.3813486
8.0,8.899975,-0.8999748
6.0,9.484424,-3.4844236
2.5464654,11.467056,-8.920591
3.1341667,11.363495,-8.229328
4.8016667,10.883488,-6.081821
2.1905,6.99576,-4.8052597
4.4674997,10.3347,-5.8672
4.111864,10.9892025,-6.8773384
7.0,10.937784,-3.9377842
8.0,11.435905,-3.4359055
2.4016378,10.869474,-8.467836
4.1766667,10.9122,-6.735533
4.40125,10.26444,-5.8631897
2.2024999,4.8775654,-2.6750655
2.2696428,5.9394937,-3.6698508
3.5325,8.247036,-4.7145357
4.733333,8.732528,-3.9991946
7.0,8.657896,-1.657896
9.0,9.507995,-0.50799465
3.3527586,11.186861,-7.8341026
7.1158333,11.0116205,-3.8957872
2.9335,5.9873877,-3.0538876
5.4441667,9.837651,-4.3934846
6.788333,10.819195,-4.030862
7.0,10.430322,-3.4303217
11.0,11.139149,-0.13914871
3.3481035,9.818211,-6.470107
6.9508333,9.826821,-2.875988
2.46,4.0675154,-1.6075153
2.1594915,5.335182,-3.1756907
5.9966664,8.761289,-2.7646222
4.681667,11.46853,-6.786863
4.0,11.028285,-7.028285
14.0,12.020612,1.9793882
3.7255263,11.383686,-7.6581597
8.622499,11.308532,-2.6860323
2.3063333,6.5783362,-4.272003
6.5918183,10.16121,-3.5693917
7.101667,10.950307,-3.84864
4.0,10.332662,-6.3326616
19.0,11.360174,7.639826
2.737652,8.388873,-5.6512213
5.6658335,7.8288984,-2.163065
2.3788333,4.696017,-2.3171835
6.7433333,8.159989,-1.416656
3.0,7.5554457,-4.5554457
20.0,7.884071,12.115929
2.0735652,11.536747,-9.4631815
6.423333,11.516928,-5.0935946
2.1957142,5.7589173,-3.563203
2.0403845,6.70988,-4.6694956
5.1283336,10.89376,-5.765426
2.0,10.975566,-8.975566
9.0,11.571517,-2.571517
1.9281818,7.6373696,-5.709188
2.027288,5.135556,-3.1082683
5.1615386,7.399494,-2.2379556
7.0,6.8634934,0.13650656
13.0,7.3048983,5.6951017
1.07,5.331695,-4.261695
2.0393221,6.15366,-4.114338
4.68,5.322752,-0.6427522
5.1499996,5.0058537,0.14414597
4.4175,5.934212,-1.5167122
8.0,8.728839,-0.7288389
10.0,9.397289,0.6027107
1.23,5.293807,-4.063807
1.4228572,6.310095,-4.8872375
1.447451,6.247719,-4.8002677
2.58,5.484245,-2.904245
2.96,6.2077856,-3.2477856
9.0,8.610165,0.38983536
11.0,9.262772,1.7372284
0.42,13.167807,-12.747807
1.02,6.913518,-5.893518
1.1074576,8.4302435,-7.322786
2.228889,6.648653,-4.419764
1.9599999,7.864477,-5.904477
7.0,11.731321,-4.7313213
7.0,11.492457,-4.4924574
2.7716665,14.772734,-12.001067
1.0066102,9.09678,-8.09017
2.488,7.2472486,-4.7592487
3.1,8.664385,-5.564385
9.0,12.729644,-3.7296438
8.0,13.914448,-5.914448
3.3891666,9.968387,-6.57922
1.52,4.8863997,-3.3663998
1.2515516,5.9508758,-4.699324
2.3925,4.811942,-2.4194422
2.8825,5.783473,-2.900973
9.0,8.601067,0.3989334
6.0,9.308546,-3.308546
4.4572725,13.870325,-9.413053
1.24,7.432246,-6.1922464
1.63,7.688841,-6.0588408
2.7823076,6.49047,-3.7081623
9.0,11.48712,-2.4871197
6.0,12.081575,-6.0815754
4.284167,10.422567,-6.1384006
1.4411111,5.3959103,-3.9547992
1.6970588,6.1800575,-4.482999
3.1508331,5.5056753,-2.3548422
5.0,9.260262,-4.2602615
8.0,9.829668,-1.829668
3.550769,11.002088,-7.4513187
1.5763636,5.996542,-4.4201784
1.898889,6.764057,-4.865168
3.4455557,6.216037,-2.770481
4.1,6.0049286,-1.9049287
3.26,6.7987995,-3.5387995
5.0,10.104103,-5.104103
6.0,10.48894,-4.4889402
4.8583336,10.917058,-6.0587244
1.1240001,6.016772,-4.8927717
1.4281819,6.99661,-5.568428
6.8059998,6.0787086,0.7272911
6.5466666,6.838429,-0.29176235
3.0,9.846072,-6.846072
5.0,10.533528,-5.5335283
3.2216668,11.003067,-7.7814
1.409,5.5955353,-4.1865354
4.0,8.953623,-4.953623
5.0,10.099854,-5.0998545
4.0308332,12.557085,-8.526252
1.147,6.174039,-5.027039
6.0,10.547688,-4.5476875
4.0,12.668423,-8.668423
3.17,12.010515,-8.840515
6.4700003,12.071576,-5.601576
5.653333,13.091451,-7.4381175
1.0833334,8.21268,-7.1293464
3.9700003,11.3323555,-7.362355
5.7,11.099337,-5.399337
7.33,6.906389,0.4236107
5.0,11.299742,-6.2997417
2.0,12.232454,-10.232454
1.58,10.998909,-9.418909
2.5054545,11.359244,-8.85379
4.4191666,11.040762,-6.6215954
5.29,11.93384,-6.64384
3.2174997,12.0400095,-8.82251
0.89,6.7329526,-5.8429527
1.2637289,8.123784,-6.860055
3.4041667,11.275931,-7.8717647
3.4469233,10.208774,-6.7618504
6.0818186,6.890509,-0.80869055
1.5933334,11.142329,-9.548996
4.0,10.798465,-6.798465
4.0,11.411519,-7.411519
1.4875001,11.409965,-9.922464
2.9633334,11.046347,-8.083014
2.3991666,12.37391,-9.974743
0.8803333,8.140668,-7.2603345
2.3566666,12.006417,-9.649751
2.36625,11.134772,-8.768522
2.14,11.75786,-9.61786
1.6675,10.463122,-8.795622
3.198,6.8793163,-3.6813164
3.24,9.491825,-6.2518253
0.8983333,14.526363,-13.62803
3.0,13.758198,-10.758198
2.0,14.966469,-12.966469
1.0523276,8.611645,-7.559317
1.99,8.548733,-6.558733
1.7268695,8.5192,-6.7923307
4.124084,9.364734,-5.2406497
1.764087,6.0285187,-4.264432
1.7808332,8.655456,-6.8746223
2.9975,8.223442,-5.225942
2.47,8.43829,-5.9682894
2.5527272,9.021856,-6.469129
1.136,4.725441,-3.5894408
2.0900002,5.641649,-3.5516486
0.7407408,5.5208864,-4.7801456
2.33,9.122745,-6.7927446
2.321818,8.534819,-6.2130003
2.3208334,7.388081,-5.0672474
2.8154545,4.565276,-1.7498217
4.7200003,4.2608027,0.45919752
0.8433333,8.2392025,-7.3958693
3.0,8.155905,-5.155905
2.0,8.673166,-6.6731663
0.88878506,11.492925,-10.604139
1.5313725,11.188947,-9.657574
0.8946729,11.037593,-10.14292
3.8584561,11.580122,-7.721666
1.0743518,7.554329,-6.479977
0.7775,11.255455,-10.477955
2.22,10.96587,-8.74587
0.57,10.832308,-10.262308
1.6981817,11.9738865,-10.275704
0.7575,7.029332,-6.271832
0.62436366,8.1467705,-7.5224066
2.1924999,11.243101,-9.050601
1.2433333,9.981908,-8.738575
1.4041667,5.8535585,-4.449392
0.9316666,11.753838,-10.822171
1.0,11.438936,-10.438936
2.0,11.926347,-9.926347
1.3541667,7.255434,-5.901267
1.1590625,7.422495,-6.2634325
1.0041285,7.2322693,-6.228141
3.924379,8.54737,-4.6229906
0.69333327,5.9212246,-5.2278914
0.93,7.4450073,-6.5150075
2.0308332,6.8132167,-4.7823834
1.6616666,7.8690014,-6.2073345
0.55,3.5826728,-3.032673
0.85137933,4.5156355,-3.664256
2.45,7.4711847,-5.021185
2.3600001,7.563361,-5.203361
2.7433333,7.8019137,-5.0585804
2.69,7.9441357,-5.2541356
1.3699999,6.620877,-5.250877
1.8933333,4.8123565,-2.919023
1.8833333,4.686113,-2.8027797
0.82666665,6.809535,-5.982868
2.0,6.742842,-4.742842
2.0,7.3688197,-5.3688197
1.0912069,14.21433,-13.123123
1.0024999,14.39678,-13.39428
2.22,14.434224,-12.214224
2.6775,11.081289,-8.4037895
0.80700004,8.099415,-7.2924147
2.779091,10.021299,-7.2422085
1.9300001,10.327873,-8.397873
1.4590908,10.138579,-8.679488
1.7485714,6.7074394,-4.958868
1.74,6.6120834,-4.8720837
0.96666664,10.419199,-9.452533
2.0,10.165358,-8.165358
2.0,10.40141,-8.40141
1.0166379,8.828752,-7.812114
1.0475,8.873802,-7.826302
2.4441667,8.557759,-6.1135926
2.2966666,9.519369,-7.2227025
0.82666665,5.8347664,-5.0080996
2.93,8.531693,-5.601693
2.91,9.883663,-6.9736633
3.40875,9.31223,-5.90348
1.3916667,8.21295,-6.8212833
2.292,5.0206957,-2.7286956
1.66,4.867359,-3.2073593
1.8783333,5.906191,-4.027858
1.065,8.572166,-7.5071664
3.0,8.005094,-5.0050936
2.0,8.9267435,-6.9267435
1.8642241,8.169758,-6.305534
1.8825,7.9614787,-6.0789785
3.3891666,7.830265,-4.441098
4.6966667,8.736826,-4.040159
1.3996667,5.1059413,-3.7062745
4.844,8.322482,-3.4784822
3.7471428,8.670828,-4.923685
3.1025002,7.528077,-4.425577
2.788,4.747942,-1.9599419
4.09,4.613177,-0.52317667
2.92,5.293267,-2.3732667
2.8033333,5.0857544,-2.282421
1.6830509,7.8781557,-6.1951046
5.0,7.4803295,-2.4803295
2.0,8.0119095,-6.0119095
3.147143,10.701427,-7.5542846
2.83,9.976087,-7.1460867
3.202727,10.1930065,-6.990279
4.277143,10.167963,-5.89082
6.496667,11.496635,-4.9999685
2.94,5.2282596,-2.2882595
2.6606896,6.5044127,-3.843723
6.0245457,10.114007,-4.0894613
7.1499996,9.528761,-2.3787613
4.8883333,8.746668,-3.8583345
4.8112497,5.456361,-0.6451111
4.1875,6.217798,-2.0302982
2.5600002,9.229681,-6.6696806
5.0,8.681921,-3.681921
2.0,9.297229,-7.297229
3.915,12.074995,-8.159995
8.380834,13.129702,-4.748868
3.1455002,7.673641,-4.528141
5.42,13.860014,-8.440014
7.2320004,13.118837,-5.886837
7.158333,13.360134,-6.2018013
5.895,10.791178,-4.896178
9.821667,6.634631,3.1870356
8.0,11.549235,-3.5492353
2.0,12.050028,-10.050028
4.5875,12.384991,-7.7974906
7.8583336,13.504236,-5.6459026
3.4113333,7.935382,-4.524049
8.01,12.817324,-4.8073235
7.7375,13.157074,-5.419574
5.828182,11.445263,-5.6170807
7.9400005,11.778078,-3.8380775
4.911111,7.458415,-2.5473042
4.1633334,8.0913315,-3.927998
8.0,11.956511,-3.9565105
3.0,12.462471,-9.462471
4.428,9.386864,-4.9588637
7.0166664,9.683376,-2.66671
7.286667,10.526834,-3.2401667
4.07,6.6127133,-2.5427132
3.3854237,7.1941166,-3.808693
7.1,11.4526825,-4.3526826
7.982727,10.476778,-2.494051
6.0466666,9.716974,-3.6703076
5.7749996,6.1229997,-0.34800005
4.5462503,6.934414,-2.3881636
8.0,9.428141,-1.4281406
10.0,10.2891655,-0.2891655
3.5575,8.308021,-4.7505207
6.738333,9.365463,-2.62713
3.71,3.5633194,0.1466806
3.771695,4.5706196,-0.7989247
5.6400003,10.01403,-4.37403
6.79625,9.310892,-2.5146422
7.0266666,9.666343,-2.639676
4.9733334,7.28176,-2.3084269
5.3412495,4.53551,0.8057394
5.003333,4.261231,0.74210215
3.87,4.8800864,-1.0100865
7.0,7.827216,-0.82721615
9.0,8.428778,0.5712223
3.3666668,11.92996,-8.563293
6.0258336,12.9942,-6.968366
2.4436667,7.5527525,-5.109086
7.91,12.542398,-4.6323986
6.11,13.067941,-6.9579406
4.9958334,11.0324745,-6.036641
4.84,7.1792984,-2.3392982
3.83,7.6301723,-3.8001723
6.0,11.406906,-5.406906
3.0,12.051889,-9.051889
3.8325,12.343069,-8.510569
5.8999996,11.214718,-5.3147182
2.352,7.3142223,-4.962222
44.895,10.83956,34.055443
9.45625,9.940251,-0.48400116
7.3250003,11.361523,-4.0365224
4.240909,9.765738,-5.5248284
4.3970003,6.009664,-1.6126637
5.485,6.752638,-1.2676377
6.0,9.905377,-3.9053774
3.0,10.595339,-7.595339
3.539091,11.591471,-8.05238
5.6754546,12.631399,-6.9559445
2.1028333,7.4525166,-5.3496833
6.7474995,11.276389,-4.5288897
5.6614285,12.347574,-6.686146
4.32,10.6579895,-6.3379893
4.5622225,6.0582995,-1.4960771
3.79,6.8265767,-3.0365767
5.0,10.485085,-5.4850845
5.0,11.0880375,-6.0880375
5.125833,10.77709,-5.651257
2.0636668,6.9883976,-4.924731
6.767,9.871282,-3.1042814
8.315,10.783976,-2.468976
3.9533331,9.400656,-5.447323
4.598,5.848156,-1.2501559
3.8285713,6.7554903,-2.926919
5.0,9.325453,-4.325453
7.0,10.03777,-3.0377703
6.2,10.927428,-4.7274284
5.289091,11.7017,-6.412609
1.7225001,6.419177,-4.696677
1.8283929,7.2222943,-5.3939013
5.8536363,10.844814,-4.991178
9.74,11.3809,-1.6409006
4.585833,9.948512,-5.362679
3.7740002,5.9137716,-2.1397715
5.65,6.402368,-0.752368
6.0,10.043606,-4.043606
7.0,10.723631,-3.723631
4.6718183,12.896094,-8.224276
1.9416666,8.05306,-6.111393
6.412,11.633301,-5.2213006
3.7775002,11.319963,-7.5424633
3.928,7.3695936,-3.4415936
7.0,11.479124,-4.479124
11.0,12.078255,-1.0782547
5.897143,14.6710205,-8.773878
1.9836667,5.7094145,-3.7257478
1.797,6.639023,-4.842023
5.1408334,9.218462,-4.0776286
8.0,9.529306,-1.5293064
13.0,10.025897,2.974103
1.902,6.421877,-4.519877
2.1,7.446727,-5.346727
6.2225003,10.698747,-4.4762464
5.0,11.156445,-6.1564445
8.0,11.62137,-3.6213703
4.036333,7.5901294,-3.5537963
8.721667,11.075697,-2.3540297
9.0,11.254616,-2.2546158
10.0,12.19684,-2.1968403
4.471667,8.204115,-3.732448
11.263637,11.827753,-0.5641165
9.0,13.302629,-4.3026295
14.0,14.918777,-0.91877747
4.31,13.24762,-8.93762
6.02,12.857246,-6.8372464
9.21,14.165744,-4.955744
5.4775,8.337403,-2.8599033
12.84,12.306179,0.5338211
13.49091,11.75076,1.7401495
15.85,12.086829,3.7631712
9.74,7.1892166,2.5507832
8.0,12.334023,-4.3340235
13.0,13.2938,-0.29380035
4.6641665,11.0994425,-6.435276
6.099167,10.851582,-4.7524147
7.82,11.930788,-4.110788
8.700909,12.015685,-3.3147764
4.88,8.367268,-3.4872675
4.7194915,9.397728,-4.6782365
11.290999,12.976959,-1.6859598
11.160001,13.516678,-2.356677
8.784166,12.500587,-3.7164211
11.389166,8.255491,3.1336746
5.596667,13.129649,-7.5329823
8.0,12.714691,-4.714691
15.0,13.324736,1.6752644
4.0175,9.448281,-5.4307814
5.0354548,9.087936,-4.0524817
6.48,10.671983,-4.1919827
2.54,5.3366613,-2.7966614
2.995,5.2779675,-2.2829676
2.38,6.068618,-3.6886177
2.9458928,5.950703,-3.0048103
10.75,12.006109,-1.2561092
9.585714,11.268417,-1.682703
9.5,11.323146,-1.8231459
5.5366664,9.999337,-4.462671
8.968889,6.5645657,2.4043236
11.5199995,6.2962556,5.223744
5.6699996,7.050445,-1.3804455
4.0316668,10.763018,-6.731351
5.0,10.183933,-5.1839333
10.0,10.898558,-0.89855766
3.5049999,9.132908,-5.6279078
3.8100002,8.949993,-5.1399927
3.760909,9.100011,-5.339102
5.0175,8.875454,-3.857954
6.1791663,9.866141,-3.686975
2.19,5.381778,-3.1917777
2.5933335,5.2099323,-2.6165988
3.175,6.3173013,-3.1423013
2.6574998,6.215601,-3.5581012
8.679999,9.859182,-1.179183
8.300909,9.163907,-0.862998
5.1674995,8.178373,-3.0108738
6.303,5.070245,1.2327552
6.66,4.943229,1.7167706
5.32,5.7667084,-0.4467082
4.205,8.978685,-4.7736855
4.0,8.608091,-4.6080914
4.0,9.187751,-5.187751
3.4124637,13.463192,-10.050728
3.7466667,13.004553,-9.257886
5.1566668,12.942643,-7.7859764
5.6225004,14.068153,-8.445653
2.3266668,6.054251,-3.7275844
2.4664814,6.5214195,-4.0549383
7.959091,10.018909,-2.0598183
5.083333,9.1639595,-4.0806265
4.935,5.8989024,-0.9639025
4.0474577,9.683954,-5.6364965
5.0,9.439175,-4.4391747
4.0,9.918701,-5.918701
3.2075,10.339296,-7.1317964
6.2225003,10.225346,-4.0028453
5.9058332,11.746515,-5.840682
1.6487501,6.154336,-4.5055857
2.0442307,6.8585486,-4.8143177
6.7433333,10.217137,-3.473804
5.37,10.722603,-5.352603
4.6358333,9.86338,-5.227547
5.6214285,6.156975,-0.5355463
3.8,5.9985423,-2.1985424
4.0,9.913227,-5.913227
5.0,10.370091,-5.3700914
2.6883335,12.746668,-10.058334
4.8858333,12.320005,-7.434172
3.5608335,13.535914,-9.9750805
1.8925,6.8784885,-4.9859886
0.9019643,8.322651,-7.4206867
4.5575,11.625183,-7.067683
3.6066666,11.742807,-8.136141
5.211818,6.9859715,-1.7741532
4.62,6.725361,-2.105361
2.0,11.8657255,-9.8657255
5.0,12.857042,-7.8570423
1.2216666,8.609448,-7.387782
2.3458333,7.987241,-5.6414075
2.145,9.163692,-7.0186925
0.64599997,5.294156,-4.648156
3.025,7.6043825,-4.5793824
3.0774999,8.226305,-5.148805
1.7958332,7.690666,-5.894833
1.8577778,4.3740435,-2.5162656
1.4433334,5.2825155,-3.8391821
1.0,7.428323,-6.428323
3.0,8.209809,-5.2098093
1.3591666,9.166968,-7.8078017
2.8575,8.904826,-6.047326
3.2441666,9.94307,-6.698904
0.48633334,5.608175,-5.1218414
2.13,8.243589,-6.1135893
2.5185714,9.119354,-6.600783
2.85,11.948224,-9.098225
1.3691666,11.123426,-9.75426
1.2744445,6.7031884,-5.428744
1.01,7.596328,-6.5863276
2.0,11.012489,-9.012489
2.0,12.013812,-10.013812
1.225,8.280369,-7.055369
1.6329999,8.52071,-6.88771
2.539167,8.239755,-5.7005877
2.5,8.944837,-6.4448366
2.03,9.443804,-7.413804
0.7633334,5.3592196,-4.595886
0.71824557,5.207002,-4.4887567
2.4733334,9.032915,-6.5595818
3.2150002,9.422698,-6.207698
1.3463635,7.7673197,-6.420956
1.26,8.343454,-7.083454
1.9311111,5.223509,-3.2923977
1.75,5.017661,-3.267661
1.63,5.6888537,-4.0588536
3.0,8.001141,-5.0011406
2.0,8.54316,-6.5431604
1.0541667,11.760106,-10.705939
2.6133335,11.586918,-8.973584
2.03,12.03045,-10.00045
2.0318182,12.634343,-10.602525
1.0116667,8.142018,-7.1303515
3.242,11.930274,-8.688274
3.1414285,12.221565,-9.080137
1.964,10.954302,-8.990302
1.74,11.256567,-9.516567
1.785,6.981127,-5.196127
4.0,10.81573,-6.81573
2.0,11.528244,-9.528244
1.4941667,10.27582,-8.781653
2.81,10.121525,-7.311525
2.2158334,11.3011,-9.085266
0.83,6.1906767,-5.360677
1.02,7.2518435,-6.2318435
3.542,10.7815075,-7.2395077
3.68,11.258187,-7.578187
2.2742858,9.40942,-7.135134
2.446,9.663359,-7.2173586
1.8311112,5.88428,-4.0531693
1.53,6.622349,-5.092349
2.215,6.2615213,-4.046521
4.0,9.700299,-5.7002993
2.0,10.340174,-8.340174
2.54,8.0276985,-5.4876986
1.5929999,8.049303,-6.456303
6.6000004,7.5662937,-0.96629333
4.1,9.739578,-5.6395783
4.684,10.306701,-5.6227007
1.375,4.0340896,-2.6590896
0.87,3.9923859,-3.122386
0.5,4.977482,-4.477482
0.9663462,4.7848616,-3.8185153
4.5175,9.812322,-5.2948217
2.2216668,7.990765,-5.7690983
1.6575,4.5349283,-2.8774283
4.1475,5.0258913,-0.87839127
4.0,6.768348,-2.7683482
2.0,8.112225,-6.1122246
1.5441667,13.486304,-11.942138
2.7224998,9.535908,-6.813408
3.1325002,10.684238,-7.5517383
1.2618333,6.6716185,-5.4097853
2.7416668,8.963679,-6.2220125
2.6966667,5.386359,-2.6896925
2.6699998,5.046998,-2.3769982
4.68,6.151534,-1.4715343
3.32,5.7074833,-2.3874834
5.0,9.220906,-4.2209063
2.0,9.837584,-7.8375835
1.5475,11.158102,-9.610602
2.2291665,11.131609,-8.902443
2.3475,12.543477,-10.195977
1.69,6.8192153,-5.1292152
1.2742374,7.8997755,-6.625538
2.44,10.714867,-8.274866
3.6245453,7.104676,-3.4801304
3.44,7.665801,-4.225801
4.0,10.802598,-6.802598
2.0,11.2375345,-9.2375345
1.6641666,13.421102,-11.756935
8.32,13.04878,-4.7287807
3.5316668,14.456823,-10.925157
1.7273333,9.570479,-7.8431463
3.5183334,12.626138,-9.107804
5.299091,8.406265,-3.1071744
2.16,9.132491,-6.9724913
7.0,12.612669,-5.612669
2.0,13.444984,-11.444984
2.0958333,11.737822,-9.641989
3.7441669,12.982803,-9.238636
1.5168333,8.109884,-6.593051
3.0716667,11.793703,-8.722036
2.8775,7.1683283,-4.290828
3.17,8.08895,-4.91895
6.0,11.070241,-5.070241
2.0,12.176305,-10.176305
2.265,11.622478,-9.357477
3.8618183,12.454536,-8.592718
2.22,7.3846717,-5.164672
1.6079662,8.478321,-6.8703547
3.5681818,10.763641,-7.1954594
2.9533334,7.1743336,-4.221
3.04,7.9876623,-4.9476624
6.0,10.759934,-4.7599344
2.0,11.70068,-9.70068
2.4375,9.194424,-6.7569237
2.5600002,9.933975,-7.373975
3.79,11.03212,-7.24212
1.145,5.8909216,-4.7459216
1.6327586,5.745364,-4.1126056
2.9558334,8.5909605,-5.635127
2.7163637,4.976652,-2.2602885
1.7900001,5.667056,-3.8770561
7.0,8.504366,-1.5043659
3.0,9.141273,-6.1412725
2.7,12.279131,-9.579131
4.681667,13.644523,-8.962856
1.47,7.346326,-5.8763256
1.4972882,8.361319,-6.8640304
3.3254547,11.788788,-8.463333
2.2736363,7.527321,-5.2536845
1.77,7.3623047,-5.5923047
7.0,11.469159,-4.469159
7.0,9.49032,-2.4903202
2.7991667,10.571878,-7.7727118
4.2525,11.50413,-7.2516303
1.3511765,5.8408384,-4.489662
1.9499999,7.3770213,-5.4270215
1.47875,7.1403303,-5.66158
2.9499998,9.730948,-6.7809486
2.5725002,6.0794926,-3.5069923
3.15,5.742416,-2.5924158
2.42,6.767669,-4.347669
2.8200002,6.4016247,-3.5816245
9.0,9.996832,-0.9968319
10.0,10.670489,-0.6704893
3.7941668,11.318636,-7.5244694
4.124,12.085901,-7.961901
1.5857142,6.468582,-4.882868
3.25,7.548625,-4.298625
1.882353,7.280637,-5.398284
3.02,6.1995554,-3.1795554
3.62,5.8973265,-2.2773266
3.4175,7.061496,-3.6439958
8.0,10.122879,-2.122879
10.0,10.81568,-0.81567955
4.3591666,13.9842205,-9.625053
3.8761666,8.810904,-4.934737
17.0,13.196375,3.803625
11.0,14.124703,-3.1247034
4.3983335,11.4249,-7.0265665
5.8099995,11.280977,-5.470978
6.65,12.506391,-5.8563905
4.2613335,7.8943877,-3.6330543
10.66,10.657526,0.0024738312
9.440001,8.8236,0.6164007
5.6,14.281738,-8.681738
11.0,13.306818,-2.306818
12.0,14.321175,-2.3211746
3.4575,14.435439,-10.97794
6.479167,14.167999,-7.6888323
5.795,15.340262,-9.545262
6.665,15.491463,-8.826463
4.085,9.519714,-5.4347143
4.3665514,10.595508,-6.228956
11.531667,13.672949,-2.141282
6.949167,9.254463,-2.3052964
5.945,14.289522,-8.344522
12.0,13.880162,-1.8801622
7.0,14.605112,-7.605112
6.38,9.909807,-3.529807
3.871818,10.160419,-6.2886014
7.3125,9.963259,-2.6507587
6.640834,11.042427,-4.401593
4.66,5.9182506,-1.2582507
4.4416666,5.8287373,-1.3870707
3.815,7.013956,-3.198956
4.38,6.787326,-2.4073257
11.994166,9.40535,2.5888166
5.7999997,6.451844,-0.6518445
5.1,6.3147254,-1.2147255
5.71,6.9561505,-1.2461505
6.2116666,10.133017,-3.92135
8.0,9.585026,-1.5850258
8.0,10.239905,-2.2399054
3.8986087,9.667793,-5.7691846
3.2425,9.312239,-6.0697384
5.4725,9.164465,-3.691965
6.51,9.5846615,-3.0746613
6.41,10.428343,-4.018343
3.0716667,5.146153,-2.0744863
3.054259,6.080804,-3.0265448
6.3525,8.44963,-2.0971298
5.3191667,5.2087183,0.11044836
4.9900002,9.251857,-4.2618566
5.0,8.895106,-3.8951063
6.0,9.403309,-3.4033089
3.292807,11.881299,-8.588491
2.9908333,11.664304,-8.6734705
5.194167,11.641277,-6.44711
5.620833,12.6609335,-7.0401006
2.089,7.355729,-5.2667294
2.1585999,8.250628,-6.0920286
4.6808333,9.88644,-5.205607
5.0554543,6.5533657,-1.4979115
4.24,6.3155594,-2.0755596
4.6566668,10.635682,-5.9790154
5.0,10.26432,-5.2643204
3.0,10.74432,-7.74432
3.162,9.07481,-5.9128103
3.09,8.342324,-5.252324
5.1324997,8.458269,-3.3257694
5.155,9.693618,-4.5386176
2.525,4.9718385,-2.4468384
2.2956896,5.7695427,-3.473853
5.1583333,8.210927,-3.0525937
4.934,5.0796375,-0.14563751
5.4142857,4.9837337,0.430552
4.2518516,8.505333,-4.2534814
8.0,8.011089,-0.011089325
4.0,8.373031,-4.3730307
3.1632173,15.729769,-12.566551
3.1908333,15.945692,-12.754859
5.1775002,15.270914,-10.093414
4.636667,17.299774,-12.663107
2.2837288,10.07852,-7.794791
4.2591667,14.805189,-10.546022
4.78875,9.045686,-4.2569356
4.733333,8.804355,-4.0710216
9.0,14.774406,-5.7744064
6.0,16.04528,-10.04528
2.725913,10.003111,-7.277198
2.8583333,9.527924,-6.66959
4.568333,9.488562,-4.9202285
4.8558335,10.617868,-5.762035
2.1098332,5.7951875,-3.6853542
4.46,8.29074,-3.83074
3.7,4.9116197,-1.2116196
3.65,5.5201793,-1.8701792
8.0,8.006901,-0.0069007874
6.0,8.5428095,-2.5428095
2.6766381,8.866192,-6.1895537
3.2708333,8.37359,-5.1027575
4.201667,8.249845,-4.0481777
4.2408333,9.261435,-5.0206013
1.9666667,5.633382,-3.6667151
3.3927274,8.273406,-4.8806787
3.4850001,5.1984777,-1.7134776
3.9116666,5.5414762,-1.6298096
2.62,5.405444,-2.7854443
10.0,7.9857454,2.0142546
3.0,11.21318,-8.21318
2.422069,8.40863,-5.9865613
2.8272727,7.724941,-4.897668
2.24,7.466867,-5.2268667
3.940833,7.591281,-3.6504478
4.4016666,9.1891,-4.7874336
1.26,4.6948857,-3.4348857
1.8645763,4.6265225,-2.7619462
4.0127273,7.071146,-3.0584188
5.84,7.274786,-1.4347858
3.8100002,4.1290507,-0.31905055
2.925,4.638932,-1.7139323
8.0,7.2451954,0.7548046
3.0,7.7694554,-4.7694554
2.3614655,13.119349,-10.757883
2.8272727,12.639861,-9.812589
5.1983333,11.945831,-6.747498
4.5866666,13.644142,-9.057476
2.0816667,8.134152,-6.0524855
4.8741665,11.2998905,-6.425724
3.5080001,6.7532005,-3.2452004
3.5949998,7.49034,-3.8953404
6.0,11.582239,-5.582239
3.0,12.39479,-9.39479
2.4825218,9.901762,-7.41924
2.9966667,9.775748,-6.7790813
4.715,9.633626,-4.918626
4.71,10.697578,-5.9875784
1.63,5.8119345,-4.1819344
2.46,6.593826,-4.133826
2.0570688,6.5640717,-4.507003
4.221667,9.08366,-4.8619933
3.44,5.704855,-2.264855
3.205,6.3428392,-3.1378393
5.2200003,5.9649935,-0.7449932
5.0,9.330509,-4.330509
3.0,9.844937,-6.8449373
2.3435822,9.071446,-6.7278643
2.8999999,8.093642,-5.1936426
2.9336362,8.116727,-5.1830907
4.1363635,8.001071,-3.8647075
4.35,9.056333,-4.7063327
4.6163635,9.580499,-4.964135
2.588,4.04445,-1.4564497
2.2834544,4.7543445,-2.47089
4.48,7.6029863,-3.1229863
3.234,4.10306,-0.8690598
3.587143,4.728376,-1.141233
3.0,7.663089,-4.663089
6.0,8.1638155,-2.1638155
2.9133334,9.502138,-6.5888047
3.4308333,9.3911085,-5.960275
3.9641666,11.1767235,-7.212557
2.545,4.87675,-2.33175
2.3898275,5.6836457,-3.2938182
5.116667,8.947066,-3.8303995
3.8049998,5.4441605,-1.6391606
3.77,5.3493156,-1.5793157
4.3650002,6.1893225,-1.8243222
5.0,8.763443,-3.763443
5.0,9.589693,-4.589693
2.599091,11.508123,-8.909033
3.4041667,11.3404665,-7.9363
4.9925,12.913017,-7.9205174
2.0766666,5.233578,-3.1569116
2.9375,6.357313,-3.4198132
2.1526415,6.2006574,-4.0480156
5.0766664,8.960636,-3.8839698
3.75,5.3383417,-1.5883417
6.0,8.694193,-2.694193
4.0,9.491483,-5.4914827
3.2041667,11.922518,-8.718351
3.8558335,11.555584,-7.6997504
5.6675,12.730345,-7.0628448
2.4015255,8.068818,-5.6672926
4.6425,11.010071,-6.367571
3.8336363,6.9143305,-3.0806942
3.9199998,7.498119,-3.578119
7.0,11.4081745,-4.4081745
5.0,12.025515,-7.0255146
3.385,12.6898575,-9.304857
4.0733333,12.272583,-8.199249
6.6125,13.564244,-6.951744
2.502712,8.3435955,-5.8408833
4.9525,11.630868,-6.678368
3.762857,6.8059134,-3.0430565
4.415,7.699139,-3.2841392
3.7599998,7.3822265,-3.6222267
10.0,12.036933,-2.036933
5.0,12.868066,-7.868066
4.465,7.103362,-2.638362
4.3475,7.2314553,-2.8839555
7.4075003,8.266201,-0.85870075
2.2325,3.4354088,-1.2029088
2.463393,4.394592,-1.9311988
4.66,6.8796206,-2.2196207
